round,organic_frac,retrain,round_gini,round_distinct_items,round_80pct_items,mean_genres_per_user,mean_new_items_per_user,cumulative_gini
1,0.2,True,0.9821,644,44,7.797,5.0,0.9821
2,0.2,True,0.9824,637,46,8.152,5.0,0.9689
3,0.2,True,0.9807,663,57,7.779,5.0,0.9573
4,0.2,True,0.9808,659,55,8.098,5.0,0.9476
5,0.2,True,0.9813,648,61,7.5,5.0,0.9392
6,0.2,True,0.9807,663,66,8.252,5.0,0.9315
7,0.2,True,0.9799,667,72,8.189,5.0,0.9244
8,0.2,True,0.979,676,76,8.162,5.0,0.9181
9,0.2,True,0.979,681,86,7.984,5.0,0.9124
10,0.2,True,0.9789,685,83,8.015,5.0,0.9075
11,0.2,True,0.9789,687,86,8.02,5.0,0.9022
12,0.2,True,0.9786,683,87,8.431,5.0,0.8982
